sample_id,true_class,probability,prediction
DEV_001,0,0.559806720462311,0
DEV_002,0,0.6518249636582708,1
DEV_003,1,0.5820075234221412,0
DEV_004,0,0.5527188068241438,0
DEV_005,0,0.3467741136438272,0
DEV_006,1,0.3981521607580403,0
DEV_007,1,0.5998254999452893,0
DEV_008,1,0.47844857560310183,0
DEV_009,0,0.31559272128697446,0
DEV_010,1,0.230772231165159,0
DEV_011,1,0.5685218413826237,0
DEV_012,0,0.7362080449663617,1
DEV_013,1,0.5757459885351544,0
DEV_014,1,0.8630855628710138,1
DEV_015,0,0.39241330683804354,0
DEV_016,1,0.4797965501942766,0
DEV_017,1,0.9665386883068472,1
DEV_018,1,0.35066345660971876,0
DEV_019,0,0.5774227288835915,0
DEV_020,1,0.43361764588878066,0
DEV_021,0,0.5367027457313283,0
DEV_022,0,0.5052055952311152,0
DEV_023,0,0.358570474378665,0
DEV_024,0,0.15510679378719633,0
DEV_025,1,0.7512808121898152,1
DEV_026,1,0.7251151293334941,1
DEV_027,0,0.7278824390412619,1
DEV_028,0,0.6540581509875967,1
DEV_029,0,0.7280903799142675,1
DEV_030,1,0.44746941693218906,0
DEV_031,1,0.5264631398188245,0
DEV_032,0,0.32686177194400706,0
DEV_033,0,0.5493814297264111,0
DEV_034,1,0.4479904404458434,0
DEV_035,0,0.3562351426888267,0
DEV_036,1,0.16761736204530303,0
DEV_037,1,0.3676152450362693,0
DEV_038,0,0.44101097578419407,0
DEV_039,0,0.573260698692787,0
DEV_040,0,0.9635926730016088,1
DEV_041,1,0.2934015277632702,0
DEV_042,1,0.6258823740566376,1
DEV_043,0,0.710498842314004,1
DEV_044,1,0.5202013272817815,0
DEV_045,0,0.4899893670037299,0
DEV_046,0,0.19662104793121155,0
DEV_047,1,0.16143422951740805,0
DEV_048,1,0.8475603133183864,1
DEV_049,0,0.4648651127607007,0
DEV_050,1,0.3641841049006233,0
DEV_051,1,0.8708658134098219,1
DEV_052,1,0.9297465334041736,1
DEV_053,1,0.8807465813798624,1
DEV_054,0,0.2898205429754916,0
DEV_055,1,0.8685920177189711,1
DEV_056,0,0.2947636887580696,0
DEV_057,0,0.5362648454726937,0
DEV_058,1,0.33813622385696096,0
DEV_059,0,0.01844154469725231,0
DEV_060,0,0.34001237663179923,0
DEV_061,0,0.5775601296715033,0
DEV_062,0,0.48746128802745337,0
DEV_063,0,0.8858365153947075,1
DEV_064,0,0.1321425359099624,0
DEV_065,0,0.5367166585930565,0
DEV_066,0,0.3554835957514657,0
DEV_067,1,0.3575513638881158,0
DEV_068,0,0.08577582031040078,0
DEV_069,1,0.6136014661867969,1
DEV_070,1,0.636650041523291,1
DEV_071,0,0.29122036343111923,0
DEV_072,1,0.7134444850338945,1
DEV_073,1,0.9567127593568172,1
DEV_074,1,0.8280652010859815,1
DEV_075,0,0.7986313133540349,1
DEV_076,1,0.555554170782561,0
DEV_077,0,0.3900863661652795,0
DEV_078,1,0.5383099097041864,0
DEV_079,0,0.596202737145422,0
DEV_080,0,0.17637666615430944,0
DEV_081,0,0.5312470942860581,0
DEV_082,1,0.590527197839804,0
DEV_083,1,0.5399212492307528,0
DEV_084,1,0.5341118125386589,0
DEV_085,0,0.3692861145009418,0
DEV_086,0,0.5079229650252496,0
DEV_087,1,0.65863003570172,1
DEV_088,1,0.4545851570669189,0
DEV_089,1,0.388212716356491,0
DEV_090,1,0.4099029040425047,0
DEV_091,1,0.4532361558123826,0
DEV_092,0,0.5868863588106963,0
DEV_093,0,0.3764991413390667,0
DEV_094,1,0.5106690917589546,0
DEV_095,0,0.686567177550726,1
DEV_096,0,0.5912683385537197,0
DEV_097,1,0.4424634028836302,0
DEV_098,0,0.47204462147077864,0
DEV_099,1,0.5661008931145596,0
DEV_100,1,0.3022655089741903,0
DEV_101,0,0.43292661693397716,0
DEV_102,1,0.44710736091889136,0
DEV_103,0,0.401482411253311,0
DEV_104,0,0.4699522585781755,0
DEV_105,0,0.5419464005027372,0
DEV_106,0,0.2781268033233964,0
DEV_107,0,0.44036394086687997,0
DEV_108,1,0.5458924838133699,0
DEV_109,1,0.5726110137678193,0
DEV_110,0,0.02326166922804895,0
DEV_111,1,0.6111574487252166,1
DEV_112,1,0.8575562808934336,1
DEV_113,1,0.717355946279811,1
DEV_114,0,0.3815767303501123,0
DEV_115,0,0.328271931286002,0
DEV_116,0,0.36920084607455317,0
DEV_117,1,0.36788433750761496,0
DEV_118,1,0.4896115277752707,0
DEV_119,1,0.6310194518263765,1
DEV_120,0,0.44368925018394556,0
DEV_121,0,0.6201249713137915,1
DEV_122,0,0.28206973124521917,0
DEV_123,1,0.7091987123968876,1
DEV_124,1,0.8604529467160857,1
DEV_125,1,0.6949868343068087,1
DEV_126,0,0.1924312448343327,0
DEV_127,1,0.7087414522360624,1
DEV_128,0,0.5480084069775427,0
DEV_129,1,0.5985956309233689,0
DEV_130,1,0.2948634429268067,0
DEV_131,0,0.44525197638775177,0
DEV_132,1,0.8704024420144942,1
DEV_133,1,0.7281870538995617,1
DEV_134,0,0.2705069689989497,0
DEV_135,0,0.30041621481486513,0
DEV_136,1,0.6085649775119196,1
DEV_137,0,0.17516301275818807,0
DEV_138,1,0.7492576086979815,1
DEV_139,1,0.7866655572072969,1
DEV_140,0,0.5642239213332745,0
DEV_141,1,0.42176191543340524,0
DEV_142,1,0.3067238494636219,0
DEV_143,0,0.2055768901848943,0
DEV_144,0,0.8019392166598313,1
DEV_145,1,0.5853926178432672,0
DEV_146,0,0.5726571999617667,0
DEV_147,1,0.5074885948827179,0
DEV_148,0,0.44641257531144213,0
DEV_149,1,0.5662707833587592,0
DEV_150,1,0.634322778927319,1
DEV_151,1,0.016240037623125685,0
DEV_152,0,0.4673212146207377,0
DEV_153,0,0.23943942124398054,0
DEV_154,1,0.41764013227095387,0
DEV_155,0,0.6563165689156866,1
DEV_156,1,0.4179519906276553,0
DEV_157,1,0.5687939428520041,0
DEV_158,1,0.40660053400999757,0
DEV_159,0,0.5670583736987354,0
DEV_160,1,0.6276451792648882,1
DEV_161,0,0.6022385485885287,0
DEV_162,1,0.8699306122304868,1
DEV_163,1,0.5535963352302373,0
DEV_164,0,0.4787490928799059,0
DEV_165,1,0.8091691207942189,1
DEV_166,1,0.4821177670957051,0
DEV_167,0,0.36623840960060927,0
DEV_168,0,0.4445416704262676,0
DEV_169,0,0.43009333750398604,0
DEV_170,0,0.6817531750088123,1
DEV_171,0,0.589053511726407,0
DEV_172,0,0.21451077050379497,0
DEV_173,0,0.5475073005754388,0
DEV_174,1,0.2833939249663179,0
DEV_175,0,0.18461328602191804,0
DEV_176,1,0.5555367575900135,0
DEV_177,1,0.6603395341763771,1
DEV_178,1,0.021508040072491918,0
DEV_179,0,0.3620466068038231,0
DEV_180,1,0.5327393647930151,0
DEV_181,0,0.8447320979536805,1
DEV_182,1,0.2582658423178789,0
DEV_183,0,0.35347332134600234,0
DEV_184,0,0.6074522129845026,0
DEV_185,0,0.8293329146272589,1
DEV_186,1,0.4414401881403348,0
DEV_187,1,0.8882708992643317,1
DEV_188,1,0.2847374113537999,0
DEV_189,0,0.21188117709569584,0
DEV_190,0,0.7001710395105537,1
DEV_191,1,0.3184067416635152,0
DEV_192,1,0.7989175733955238,1
DEV_193,0,0.322841563074914,0
DEV_194,0,0.4583283934891474,0
DEV_195,1,0.8437765141285425,1
DEV_196,1,0.5061255055453754,0
DEV_197,0,0.5223889444487599,0
DEV_198,1,0.46438630978376655,0
DEV_199,1,0.6513634647483253,1
DEV_200,0,0.2914364824072703,0
DEV_201,1,0.682610964507884,1
DEV_202,1,0.5094404463321394,0
DEV_203,0,0.39130790013957095,0
DEV_204,1,0.33732321883741856,0
DEV_205,0,0.4872731733326301,0
DEV_206,1,0.5318482759233122,0
DEV_207,1,0.5073850213265608,0
DEV_208,1,0.7316026770785878,1
DEV_209,0,0.48041000718503424,0
DEV_210,1,0.05763154907118668,0
DEV_211,1,0.6567834305027134,1
DEV_212,0,0.31051052223452524,0
DEV_213,0,0.49055964512200273,0
DEV_214,0,0.428909864823255,0
DEV_215,1,0.35195167264630084,0
DEV_216,1,0.861386240948166,1
DEV_217,0,0.5728210942357091,0
DEV_218,1,0.7947506312466455,1
DEV_219,1,0.8205562197300159,1
DEV_220,1,0.4871135405118274,0
DEV_221,0,0.25567205031619705,0
DEV_222,0,0.5001318673335973,0
DEV_223,1,0.15515146135941135,0
DEV_224,1,0.5684761915884753,0
DEV_225,1,0.45261900335425015,0
DEV_226,1,0.4537214550968782,0
DEV_227,0,0.3607302133305085,0
DEV_228,0,0.47108223478150607,0
DEV_229,1,0.5970938869698571,0
DEV_230,1,0.5635661637468966,0
DEV_231,0,0.5393082626448268,0
DEV_232,1,0.3147798018056236,0
DEV_233,1,0.4098172327846455,0
DEV_234,0,0.5210622601821329,0
DEV_235,1,0.7556281022276758,1
DEV_236,0,0.5043427692433486,0
DEV_237,0,0.17703456741936782,0
DEV_238,1,0.4473026467183684,0
DEV_239,0,0.40722697044979056,0
DEV_240,0,0.45609950053173126,0
DEV_241,0,0.11916868498574863,0
DEV_242,0,0.33542387293702314,0
DEV_243,1,0.8177309893068222,1
DEV_244,0,0.29501280730072427,0
DEV_245,0,0.4939815967133956,0
DEV_246,0,0.5292062896224214,0
DEV_247,1,0.620508088839929,1
DEV_248,1,0.08995581338164306,0
DEV_249,1,0.26654270388838047,0
DEV_250,1,0.7688094759746996,1
DEV_251,0,0.35710377110046254,0
DEV_252,1,0.579251709991275,0
DEV_253,0,0.2797614874748997,0
DEV_254,1,0.5815384179082477,0
DEV_255,0,0.5236719216876219,0
DEV_256,0,0.6020099803335472,0
DEV_257,0,0.5832411536235711,0
DEV_258,0,0.19725857470129793,0
DEV_259,1,0.6602951672560828,1
DEV_260,1,0.5290479551320121,0
DEV_261,1,0.14113964038462892,0
DEV_262,0,0.20825164735436652,0
DEV_263,1,0.09416251951933148,0
DEV_264,1,0.36699874064758004,0
DEV_265,1,0.43318518047369386,0
DEV_266,0,0.5844187131295302,0
DEV_267,0,0.3694312286956077,0
DEV_268,1,0.6159471219540734,1
DEV_269,0,0.4772199286737466,0
DEV_270,0,0.4731588174288557,0
DEV_271,1,0.47811561275714304,0
DEV_272,1,0.8072052729155754,1
DEV_273,1,0.29674100677508325,0
DEV_274,0,0.38422660049259255,0
DEV_275,1,0.7064188240587868,1
DEV_276,0,0.5599023848516363,0
DEV_277,1,0.4069357840444956,0
DEV_278,0,0.649800889607359,1
DEV_279,0,0.16010111287701187,0
DEV_280,0,0.23575994275775175,0
DEV_281,0,0.5784119417573347,0
DEV_282,0,0.6856271831445593,1
DEV_283,1,0.585196039263439,0
DEV_284,0,0.533332746529913,0
DEV_285,0,0.4982372239538755,0
DEV_286,1,0.6201152131027448,1
DEV_287,1,0.7011158143987388,1
DEV_288,1,0.8505134258716263,1
DEV_289,1,0.6533803960737246,1
DEV_290,1,0.49053171204868845,0
DEV_291,1,0.7655491225722356,1
DEV_292,1,0.6896590252107918,1
DEV_293,0,0.5197374774437308,0
DEV_294,1,0.3949098519408374,0
DEV_295,0,0.48266060020444446,0
DEV_296,0,0.4521678753057888,0
DEV_297,1,0.39597901847004824,0
DEV_298,1,0.81218862108364,1
DEV_299,0,0.20528206499688337,0
DEV_300,0,0.1815318703155227,0
